id,title,score,num_comments,author,created_utc,url,over_18,edited,spoiler,stickied
1hh2i8q,How do you practice and hone your SQL skills?,33,31,burningpenofasia,2024-12-18 14:16:27,https://www.reddit.com/r/dataengineering/comments/1hh2i8q/how_do_you_practice_and_hone_your_sql_skills/,False,False,False,False
1hh6giw,Git for Data Engineers: Unlock Version Control Foundations in 10 Minutes,35,10,ivanovyordan,2024-12-18 17:16:57,https://datagibberish.com/p/git-basics-for-data-engineers,False,False,False,False
1hh6665,Which tasks are you performing in your current ETL job and which tool are you using?,31,18,Prestigious_Flow_465,2024-12-18 17:04:37,https://www.reddit.com/r/dataengineering/comments/1hh6665/which_tasks_are_you_performing_in_your_current/,False,False,False,False
1hgz0iy,SQL - Working with large data (10M rows) efficiently but with a lot of restrictions?,23,20,standard_throw,2024-12-18 10:45:40,https://www.reddit.com/r/dataengineering/comments/1hgz0iy/sql_working_with_large_data_10m_rows_efficiently/,False,False,False,False
1hgxm34,"Talend Open Studio has been retired, what happened to the source code?",20,3,AMGraduate564,2024-12-18 08:55:13,https://www.reddit.com/r/dataengineering/comments/1hgxm34/talend_open_studio_has_been_retired_what_happened/,False,False,False,False
1hgy56w,Is Data Engineering better than DevOps Engineering?,21,17,Hameed_zamani,2024-12-18 09:37:54,https://www.reddit.com/r/dataengineering/comments/1hgy56w/is_data_engineering_better_than_devops_engineering/,False,False,False,False
1hgwyu0,"Timeseries db vs OLAP (Redshift, BigQuery)",16,14,Additional-Ad-8916,2024-12-18 08:03:35,https://www.reddit.com/r/dataengineering/comments/1hgwyu0/timeseries_db_vs_olap_redshift_bigquery/,False,False,False,False
1hguhf9,"When unpacking a Json object loaded in from airbyte, clickhouse sets all values in that record to 0/Null if one of the fields has an unusually high value.",14,14,qasim_mansoor,2024-12-18 05:11:36,https://www.reddit.com/r/dataengineering/comments/1hguhf9/when_unpacking_a_json_object_loaded_in_from/,False,False,False,False
1hgtusd,Best place to learn hands on pyspark?,13,9,rockingpj,2024-12-18 04:34:14,https://www.reddit.com/r/dataengineering/comments/1hgtusd/best_place_to_learn_hands_on_pyspark/,False,False,False,False
1hh6lma,How big a pipeline can one person manage ?,12,23,tiggat,2024-12-18 17:22:57,https://www.reddit.com/r/dataengineering/comments/1hh6lma/how_big_a_pipeline_can_one_person_manage/,False,False,False,False
1hh3c6m,Data Engineering in Azure Synapse Analytics,9,4,No_Gear6981,2024-12-18 14:57:26,https://www.reddit.com/r/dataengineering/comments/1hh3c6m/data_engineering_in_azure_synapse_analytics/,False,False,False,False
1hgspq9,AutoMQ: The Affordable Kafka Alternative to Confluent,9,1,gavosag468,2024-12-18 03:30:28,https://www.reddit.com/r/dataengineering/comments/1hgspq9/automq_the_affordable_kafka_alternative_to/,False,False,False,False
1hhbrjn,Microsoft Fabric and Databricks Mirroring,9,6,4DataMK,2024-12-18 21:05:12,https://medium.com/@mariusz_kujawski/microsoft-fabric-and-databricks-mirroring-47f40a7d7a43,False,False,False,False
1hgwi12,Scenario based spark optimization- article/video,8,1,Plane_Archer_2280,2024-12-18 07:28:38,https://www.reddit.com/r/dataengineering/comments/1hgwi12/scenario_based_spark_optimization_articlevideo/,False,False,False,False
1hh6kca,"Choosing the Right Databricks Cluster: Spot vs. On-demand, APC vs Jobs Compute",6,1,noasync,2024-12-18 17:21:24,https://medium.com/sync-computing/choosing-the-right-databricks-cluster-spot-instances-vs-cae5775cf026,False,False,False,False
1hh1s22,Entity Relationship Diagram,7,4,Good-Influence-3312,2024-12-18 13:39:18,https://www.reddit.com/r/dataengineering/comments/1hh1s22/entity_relationship_diagram/,False,False,False,False
1hh0ogf,More generic DBT for access management,6,0,Certain_Mix4668,2024-12-18 12:38:37,https://www.reddit.com/r/dataengineering/comments/1hh0ogf/more_generic_dbt_for_access_management/,False,False,False,False
1hgzenp,How does downstream and stakeholders review your changes?,5,2,Longjumping_Lab4627,2024-12-18 11:14:06,https://www.reddit.com/r/dataengineering/comments/1hgzenp/how_does_downstream_and_stakeholders_review_your/,False,False,False,False
1hhf3ct,Selecting stack for time-series data dashboard with future IoT integration,4,5,Data_OnThe_HalfShell,2024-12-18 23:34:15,https://www.reddit.com/r/dataengineering/comments/1hhf3ct/selecting_stack_for_timeseries_data_dashboard/,False,False,False,False
1hh19dh,Options for replication from AS400 Db2 to Fabric lakehouse,4,2,RaucousRat,2024-12-18 13:11:07,https://www.reddit.com/r/dataengineering/comments/1hh19dh/options_for_replication_from_as400_db2_to_fabric/,False,False,False,False
1hh4l3f,Airflow monitoring is broken?,3,0,Zestyclose_Tap_1889,2024-12-18 15:55:08,https://www.reddit.com/r/dataengineering/comments/1hh4l3f/airflow_monitoring_is_broken/,False,False,False,False
1hh2bms,DBT or Apache Spark for creating analytics models?,4,4,prismonautic,2024-12-18 14:07:37,https://www.reddit.com/r/dataengineering/comments/1hh2bms/dbt_or_apache_spark_for_creating_analytics_models/,False,False,False,False
1hgzqcl,How to Automatically Categorize Construction Products in an SQL Database?,3,12,Routine-Weight8231,2024-12-18 11:38:25,https://www.reddit.com/r/dataengineering/comments/1hgzqcl/how_to_automatically_categorize_construction/,False,False,False,False
1hgvwc4,1 YAML file for any DE side projects? ,3,0,TransportationOk2403,2024-12-18 06:45:12,https://youtu.be/bbclf8ibIwM,False,False,False,False
1hh5b5i,dbt call into ecs task served by airflow dags,2,2,Resident_Set204,2024-12-18 16:27:08,https://www.reddit.com/r/dataengineering/comments/1hh5b5i/dbt_call_into_ecs_task_served_by_airflow_dags/,False,False,False,False
1hgt90f,Noob here! How do I learn managing dataframes using python?,2,2,Calm-Kaleidoscope-27,2024-12-18 04:00:31,https://www.reddit.com/r/dataengineering/comments/1hgt90f/noob_here_how_do_i_learn_managing_dataframes/,False,False,False,False
1hhfu4g,Any Data Engineers w/ K12 Education Experience?,1,2,ZonkyTheDonkey,2024-12-19 00:10:02,https://www.reddit.com/r/dataengineering/comments/1hhfu4g/any_data_engineers_w_k12_education_experience/,False,False,False,False
1hhexud,Securing trino backends,1,1,Ok_Guarantee5037,2024-12-18 23:26:58,https://www.reddit.com/r/dataengineering/comments/1hhexud/securing_trino_backends/,False,False,False,False
1hgz072,Cloudera Streams Processing vs Confluent Kafka (both onprem) platforms,1,0,BigPomelo7860,2024-12-18 10:45:01,https://www.reddit.com/r/dataengineering/comments/1hgz072/cloudera_streams_processing_vs_confluent_kafka/,False,False,False,False
1hgyvzr,How should I chose a company,1,1,PoroSnaxSan,2024-12-18 10:36:05,https://www.reddit.com/r/dataengineering/comments/1hgyvzr/how_should_i_chose_a_company/,False,False,False,False
1hh7y0w,New Podcast - Snowflake Cluster Keys to Maximise Query Performance,1,2,JohnAnthonyRyan,2024-12-18 18:21:04,https://www.reddit.com/r/dataengineering/comments/1hh7y0w/new_podcast_snowflake_cluster_keys_to_maximise/,False,False,False,False
1hhhpmz,"For students interested in DE, what classes are must have in university? ",0,4,TokkiJK,2024-12-19 01:42:44,https://www.reddit.com/r/dataengineering/comments/1hhhpmz/for_students_interested_in_de_what_classes_are/,False,False,False,False
1hgth6g,Survey on studentsâ€™ motivation to learn Artificial Intelligence and Modeling.,0,2,ExamSensitive3076,2024-12-18 04:12:55,https://www.reddit.com/r/dataengineering/comments/1hgth6g/survey_on_students_motivation_to_learn_artificial/,False,False,False,False
